--
-- PostgreSQL database dump
--

SET statement_timeout = 0;
SET client_encoding = 'SQL_ASCII';
SET standard_conforming_strings = on;
SET check_function_bodies = false;
SET client_min_messages = warning;

SET search_path = public, pg_catalog;

--
-- Name: devs_id_seq; Type: SEQUENCE SET; Schema: public; Owner: postgres
--

SELECT pg_catalog.setval('devs_id_seq', 704, true);


--
-- Name: props_id_seq; Type: SEQUENCE SET; Schema: public; Owner: postgres
--

SELECT pg_catalog.setval('props_id_seq', 12, true);


--
-- Data for Name: devs; Type: TABLE DATA; Schema: public; Owner: postgres
--

COPY devs (id, name) FROM stdin;
1	DE0x01:Disk4
2	DE0x01:Disk5
3	DE0x01:Disk6
4	DE0x01:Disk7
5	DE0x01:Disk8
6	DE0x01:Disk9
7	DE0x01:Disk10
8	DE0x01:Disk11
9	DE0x01:Disk12
10	DE0x01:Disk13
11	DE0x22:Disk0
12	DE0x22:Disk1
13	DE0x22:Disk2
14	DE0x22:Disk3
15	DE0x22:Disk4
16	DE0x22:Disk5
17	DE0x22:Disk6
18	DE0x22:Disk7
19	DE0x22:Disk8
20	DE0x22:Disk9
21	DE0x22:Disk10
22	DE0x22:Disk11
23	DE0x22:Disk12
24	DE0x22:Disk13
25	DE0x22:Disk14
26	DE0x44:Disk0
27	DE0x44:Disk1
28	DE0x44:Disk2
29	DE0x44:Disk3
30	DE0x44:Disk4
31	DE0x44:Disk5
32	DE0x44:Disk6
33	DE0x44:Disk7
34	DE0x44:Disk8
35	DE0x44:Disk9
36	DE0x44:Disk10
37	DE0x45:Disk0
38	DE0x45:Disk1
39	DE0x45:Disk2
40	DE0x45:Disk3
41	DE0x45:Disk4
42	DE0x45:Disk5
43	DE0x45:Disk6
44	DE0x45:Disk7
45	DE0x45:Disk8
46	DE0x45:Disk9
47	DE0x45:Disk10
48	DE0x35:Disk0
49	DE0x35:Disk1
50	DE0x35:Disk2
51	DE0x35:Disk3
52	DE0x35:Disk4
53	DE0x35:Disk5
54	DE0x35:Disk6
55	DE0x35:Disk7
56	DE0x35:Disk8
57	DE0x35:Disk9
58	DE0x35:Disk10
59	DE0x35:Disk11
60	DE0x35:Disk12
61	DE0x35:Disk13
62	DE0x35:Disk14
63	DE0x30:Disk0
64	DE0x30:Disk1
65	DE0x30:Disk2
66	DE0x30:Disk3
67	DE0x30:Disk4
68	DE0x30:Disk5
69	DE0x30:Disk6
70	DE0x30:Disk7
71	DE0x30:Disk8
72	DE0x30:Disk9
73	DE0x30:Disk10
74	DE0x30:Disk11
75	DE0x30:Disk12
76	DE0x30:Disk13
77	DE0x30:Disk14
78	DE0x04:Disk0
79	DE0x04:Disk1
80	DE0x04:Disk2
81	DE0x04:Disk3
82	DE0x04:Disk4
83	DE0x04:Disk5
84	DE0x04:Disk6
85	DE0x04:Disk7
86	DE0x04:Disk8
87	DE0x04:Disk9
88	DE0x04:Disk10
89	DE0x04:Disk11
90	DE0x04:Disk12
91	DE0x04:Disk13
92	DE0x16:Disk0
93	DE0x16:Disk1
94	DE0x16:Disk2
95	DE0x16:Disk3
96	DE0x16:Disk4
97	DE0x16:Disk5
98	DE0x16:Disk6
99	DE0x16:Disk7
100	DE0x16:Disk8
101	DE0x16:Disk9
102	DE0x16:Disk10
103	DE0x16:Disk11
104	DE0x16:Disk12
105	DE0x16:Disk13
106	DE0x16:Disk14
107	DE0x11:Disk0
108	DE0x11:Disk1
109	DE0x11:Disk2
110	DE0x11:Disk3
111	DE0x11:Disk4
112	DE0x11:Disk5
113	DE0x11:Disk6
114	DE0x11:Disk7
115	DE0x11:Disk8
116	DE0x11:Disk9
117	DE0x11:Disk10
118	DE0x11:Disk11
119	DE0x11:Disk12
120	DE0x11:Disk13
121	DE0x11:Disk14
122	DE0x05:Disk0
123	DE0x05:Disk1
124	DE0x05:Disk2
125	DE0x05:Disk3
126	DE0x05:Disk4
127	DE0x05:Disk5
128	DE0x05:Disk6
129	DE0x05:Disk7
130	DE0x05:Disk8
131	DE0x05:Disk9
132	DE0x05:Disk10
133	DE0x05:Disk11
134	DE0x05:Disk12
135	DE0x05:Disk13
136	DE0x43:Disk0
137	DE0x43:Disk1
138	DE0x43:Disk2
139	DE0x43:Disk3
140	DE0x43:Disk4
141	DE0x43:Disk5
142	DE0x43:Disk6
143	DE0x43:Disk7
144	DE0x43:Disk8
145	DE0x43:Disk9
146	DE0x43:Disk10
147	DE0x40:Disk0
148	DE0x40:Disk1
149	DE0x40:Disk2
150	DE0x40:Disk3
151	DE0x40:Disk4
152	DE0x40:Disk5
153	DE0x40:Disk6
154	DE0x40:Disk7
155	DE0x40:Disk8
156	DE0x40:Disk9
157	DE0x40:Disk10
158	DE0x36:Disk0
159	DE0x36:Disk1
160	DE0x36:Disk2
161	DE0x36:Disk3
162	DE0x36:Disk4
163	DE0x36:Disk5
164	DE0x36:Disk6
165	DE0x36:Disk7
166	DE0x36:Disk8
167	DE0x36:Disk9
168	DE0x36:Disk10
169	DE0x36:Disk11
170	DE0x36:Disk12
171	DE0x36:Disk13
172	DE0x36:Disk14
173	DE0x41:Disk0
174	DE0x41:Disk1
175	DE0x41:Disk2
176	DE0x41:Disk3
177	DE0x41:Disk4
178	DE0x41:Disk5
179	DE0x41:Disk6
180	DE0x41:Disk7
181	DE0x41:Disk8
182	DE0x41:Disk9
183	DE0x41:Disk10
184	DE0x46:Disk0
185	DE0x46:Disk1
186	DE0x46:Disk2
187	DE0x46:Disk3
188	DE0x46:Disk4
189	DE0x46:Disk5
190	DE0x46:Disk6
191	DE0x46:Disk7
192	DE0x46:Disk8
193	DE0x46:Disk9
194	DE0x46:Disk10
195	DE0x10:Disk0
196	DE0x10:Disk1
197	DE0x10:Disk2
198	DE0x10:Disk3
199	DE0x10:Disk4
200	DE0x10:Disk5
201	DE0x10:Disk6
202	DE0x10:Disk7
203	DE0x10:Disk8
204	DE0x10:Disk9
205	DE0x10:Disk10
206	DE0x10:Disk11
207	DE0x10:Disk12
208	DE0x10:Disk13
209	DE0x10:Disk14
210	DE0x42:Disk0
211	DE0x42:Disk1
212	DE0x42:Disk2
213	DE0x42:Disk3
214	DE0x42:Disk4
215	DE0x42:Disk5
216	DE0x42:Disk6
217	DE0x42:Disk7
218	DE0x42:Disk8
219	DE0x42:Disk9
220	DE0x42:Disk10
221	DE0x13:Disk0
222	DE0x13:Disk1
223	DE0x13:Disk2
224	DE0x13:Disk3
225	DE0x13:Disk4
226	DE0x13:Disk5
227	DE0x13:Disk6
228	DE0x13:Disk7
229	DE0x13:Disk8
230	DE0x13:Disk9
231	DE0x13:Disk10
232	DE0x13:Disk11
233	DE0x13:Disk12
234	DE0x13:Disk13
235	DE0x13:Disk14
236	DE0x25:Disk0
237	DE0x25:Disk1
238	DE0x25:Disk2
239	DE0x25:Disk3
240	DE0x25:Disk4
241	DE0x25:Disk5
242	DE0x25:Disk6
243	DE0x25:Disk7
244	DE0x25:Disk8
245	DE0x25:Disk9
246	DE0x25:Disk10
247	DE0x25:Disk11
248	DE0x25:Disk12
249	DE0x25:Disk13
250	DE0x25:Disk14
251	DE0x26:Disk0
252	DE0x26:Disk1
253	DE0x26:Disk2
254	DE0x26:Disk3
255	DE0x26:Disk4
256	DE0x26:Disk5
257	DE0x26:Disk6
258	DE0x26:Disk7
259	DE0x26:Disk8
260	DE0x26:Disk9
261	DE0x26:Disk10
262	DE0x26:Disk11
263	DE0x26:Disk12
264	DE0x26:Disk13
265	DE0x26:Disk14
266	DE0x24:Disk0
267	DE0x24:Disk1
268	DE0x24:Disk2
269	DE0x24:Disk3
270	DE0x24:Disk4
271	DE0x24:Disk5
272	DE0x24:Disk6
273	DE0x24:Disk7
274	DE0x24:Disk8
275	DE0x24:Disk9
276	DE0x24:Disk10
277	DE0x24:Disk11
278	DE0x24:Disk12
279	DE0x24:Disk13
280	DE0x24:Disk14
281	DE0x02:Disk4
282	DE0x02:Disk5
283	DE0x02:Disk6
284	DE0x02:Disk7
285	DE0x02:Disk8
286	DE0x02:Disk9
287	DE0x02:Disk10
288	DE0x02:Disk11
289	DE0x02:Disk12
290	DE0x02:Disk13
291	DE0x23:Disk0
292	DE0x23:Disk1
293	DE0x23:Disk2
294	DE0x23:Disk3
295	DE0x23:Disk4
296	DE0x23:Disk5
297	DE0x23:Disk6
298	DE0x23:Disk7
299	DE0x23:Disk8
300	DE0x23:Disk9
301	DE0x23:Disk10
302	DE0x23:Disk11
303	DE0x23:Disk12
304	DE0x23:Disk13
305	DE0x23:Disk14
306	DE0x27:Disk0
307	DE0x27:Disk1
308	DE0x27:Disk2
309	DE0x27:Disk3
310	DE0x27:Disk4
311	DE0x27:Disk5
312	DE0x27:Disk6
313	DE0x27:Disk7
314	DE0x27:Disk8
315	DE0x27:Disk9
316	DE0x27:Disk10
317	DE0x27:Disk11
318	DE0x27:Disk12
319	DE0x27:Disk13
320	DE0x27:Disk14
321	DE0x34:Disk0
322	DE0x34:Disk1
323	DE0x34:Disk2
324	DE0x34:Disk3
325	DE0x34:Disk4
326	DE0x34:Disk5
327	DE0x34:Disk6
328	DE0x34:Disk7
329	DE0x34:Disk8
330	DE0x34:Disk9
331	DE0x34:Disk10
332	DE0x34:Disk11
333	DE0x34:Disk12
334	DE0x34:Disk13
335	DE0x34:Disk14
336	DE0x31:Disk0
337	DE0x31:Disk1
338	DE0x31:Disk2
339	DE0x31:Disk3
340	DE0x31:Disk4
341	DE0x31:Disk5
342	DE0x31:Disk6
343	DE0x31:Disk7
344	DE0x31:Disk8
345	DE0x31:Disk9
346	DE0x31:Disk10
347	DE0x31:Disk11
348	DE0x31:Disk12
349	DE0x31:Disk13
350	DE0x31:Disk14
351	DE0x37:Disk0
352	DE0x37:Disk1
353	DE0x37:Disk2
354	DE0x37:Disk3
355	DE0x37:Disk4
356	DE0x37:Disk5
357	DE0x37:Disk6
358	DE0x37:Disk7
359	DE0x37:Disk8
360	DE0x37:Disk9
361	DE0x37:Disk10
362	DE0x37:Disk11
363	DE0x37:Disk12
364	DE0x37:Disk13
365	DE0x37:Disk14
366	DE0x20:Disk0
367	DE0x20:Disk1
368	DE0x20:Disk2
369	DE0x20:Disk3
370	DE0x20:Disk4
371	DE0x20:Disk5
372	DE0x20:Disk6
373	DE0x20:Disk7
374	DE0x20:Disk8
375	DE0x20:Disk9
376	DE0x20:Disk10
377	DE0x20:Disk11
378	DE0x20:Disk12
379	DE0x20:Disk13
380	DE0x20:Disk14
381	DE0x17:Disk0
382	DE0x17:Disk1
383	DE0x17:Disk2
384	DE0x17:Disk3
385	DE0x17:Disk4
386	DE0x17:Disk5
387	DE0x17:Disk6
388	DE0x17:Disk7
389	DE0x17:Disk8
390	DE0x17:Disk9
391	DE0x17:Disk10
392	DE0x17:Disk11
393	DE0x17:Disk12
394	DE0x17:Disk13
395	DE0x17:Disk14
396	DE0x47:Disk0
397	DE0x47:Disk1
398	DE0x47:Disk2
399	DE0x47:Disk3
400	DE0x47:Disk4
401	DE0x47:Disk5
402	DE0x47:Disk6
403	DE0x47:Disk7
404	DE0x47:Disk8
405	DE0x47:Disk9
406	DE0x47:Disk10
407	DE0x03:Disk4
408	DE0x03:Disk5
409	DE0x03:Disk6
410	DE0x03:Disk7
411	DE0x03:Disk8
412	DE0x03:Disk9
413	DE0x03:Disk10
414	DE0x03:Disk11
415	DE0x03:Disk12
416	DE0x03:Disk13
417	DE0x33:Disk0
418	DE0x33:Disk1
419	DE0x33:Disk2
420	DE0x33:Disk3
421	DE0x33:Disk4
422	DE0x33:Disk5
423	DE0x33:Disk6
424	DE0x33:Disk7
425	DE0x33:Disk8
426	DE0x33:Disk9
427	DE0x33:Disk10
428	DE0x33:Disk11
429	DE0x33:Disk12
430	DE0x33:Disk13
431	DE0x33:Disk14
432	DE0x12:Disk0
433	DE0x12:Disk1
434	DE0x12:Disk2
435	DE0x12:Disk3
436	DE0x12:Disk4
437	DE0x12:Disk5
438	DE0x12:Disk6
439	DE0x12:Disk7
440	DE0x12:Disk8
441	DE0x12:Disk9
442	DE0x12:Disk10
443	DE0x12:Disk11
444	DE0x12:Disk12
445	DE0x12:Disk13
446	DE0x12:Disk14
447	DE0x14:Disk0
448	DE0x14:Disk1
449	DE0x14:Disk2
450	DE0x14:Disk3
451	DE0x14:Disk4
452	DE0x14:Disk5
453	DE0x14:Disk6
454	DE0x14:Disk7
455	DE0x14:Disk8
456	DE0x14:Disk9
457	DE0x14:Disk10
458	DE0x14:Disk11
459	DE0x14:Disk12
460	DE0x14:Disk13
461	DE0x14:Disk14
462	DE0x15:Disk0
463	DE0x15:Disk1
464	DE0x15:Disk2
465	DE0x15:Disk3
466	DE0x15:Disk4
467	DE0x15:Disk5
468	DE0x15:Disk6
469	DE0x15:Disk7
470	DE0x15:Disk8
471	DE0x15:Disk9
472	DE0x15:Disk10
473	DE0x15:Disk11
474	DE0x15:Disk12
475	DE0x15:Disk13
476	DE0x15:Disk14
477	DE0x00:Disk4
478	DE0x00:Disk5
479	DE0x00:Disk6
480	DE0x00:Disk7
481	DE0x00:Disk8
482	DE0x00:Disk9
483	DE0x00:Disk10
484	DE0x00:Disk11
485	DE0x00:Disk12
486	DE0x00:Disk13
487	DE0x21:Disk0
488	DE0x21:Disk1
489	DE0x21:Disk2
490	DE0x21:Disk3
491	DE0x21:Disk4
492	DE0x21:Disk5
493	DE0x21:Disk6
494	DE0x21:Disk7
495	DE0x21:Disk8
496	DE0x21:Disk9
497	DE0x21:Disk10
498	DE0x21:Disk11
499	DE0x21:Disk12
500	DE0x21:Disk13
501	DE0x21:Disk14
502	DE0x06:Disk0
503	DE0x06:Disk1
504	DE0x06:Disk2
505	DE0x06:Disk3
506	DE0x06:Disk4
507	DE0x06:Disk5
508	DE0x06:Disk6
509	DE0x06:Disk7
510	DE0x06:Disk8
511	DE0x06:Disk9
512	DE0x06:Disk10
513	DE0x06:Disk11
514	DE0x06:Disk12
515	DE0x06:Disk13
516	DE0x07:Disk0
517	DE0x07:Disk1
518	DE0x07:Disk2
519	DE0x07:Disk3
520	DE0x07:Disk4
521	DE0x07:Disk5
522	DE0x07:Disk6
523	DE0x07:Disk7
524	DE0x07:Disk8
525	DE0x07:Disk9
526	DE0x07:Disk10
527	DE0x07:Disk11
528	DE0x07:Disk12
529	DE0x07:Disk13
530	DE0x32:Disk0
531	DE0x32:Disk1
532	DE0x32:Disk2
533	DE0x32:Disk3
534	DE0x32:Disk4
535	DE0x32:Disk5
536	DE0x32:Disk6
537	DE0x32:Disk7
538	DE0x32:Disk8
539	DE0x32:Disk9
540	DE0x32:Disk10
541	DE0x32:Disk11
542	DE0x32:Disk12
543	DE0x32:Disk13
544	DE0x32:Disk14
545	LogicalVolume0x001B
546	LogicalVolume0x0001
547	LogicalVolume0x0022
548	LogicalVolume0x001A
549	LogicalVolume0x003F
550	LogicalVolume0x0029
551	LogicalVolume0x001E
552	LogicalVolume0x000F
553	LogicalVolume0x002B
554	LogicalVolume0x003A
555	LogicalVolume0x0035
556	LogicalVolume0x003D
557	LogicalVolume0x0030
558	LogicalVolume0x002C
559	LogicalVolume0x0004
560	LogicalVolume0x0016
561	LogicalVolume0x0011
562	LogicalVolume0x002A
563	LogicalVolume0x0005
564	LogicalVolume0x0043
565	LogicalVolume0x003E
566	LogicalVolume0x0040
567	LogicalVolume0x003C
568	LogicalVolume0x0036
569	LogicalVolume0x0041
570	LogicalVolume0x0009
571	LogicalVolume0x0010
572	LogicalVolume0x0042
573	LogicalVolume0x0013
574	LogicalVolume0x0039
575	LogicalVolume0x0025
576	LogicalVolume0x000E
577	LogicalVolume0x0019
578	LogicalVolume0x0026
579	LogicalVolume0x0024
580	LogicalVolume0x000C
581	LogicalVolume0x000A
582	LogicalVolume0x0008
583	LogicalVolume0x0038
584	LogicalVolume0x002D
585	LogicalVolume0x0002
586	LogicalVolume0x0023
587	LogicalVolume0x001F
588	LogicalVolume0x001D
589	LogicalVolume0x002E
590	LogicalVolume0x0027
591	LogicalVolume0x0034
592	LogicalVolume0x0031
593	LogicalVolume0x0037
594	LogicalVolume0x000B
595	LogicalVolume0x0020
596	LogicalVolume0x0028
597	LogicalVolume0x0017
598	LogicalVolume0x0018
599	LogicalVolume0x0003
600	LogicalVolume0x0033
601	LogicalVolume0x001C
602	LogicalVolume0x0012
603	LogicalVolume0x0014
604	LogicalVolume0x0015
605	LogicalVolume0x000D
606	LogicalVolume0x0000
607	LogicalVolume0x002F
608	LogicalVolume0x0021
609	LogicalVolume0x0006
610	LogicalVolume0x003B
611	LogicalVolume0x0007
612	LogicalVolume0x0032
613	CM0x0:CA0x0:Port1
614	CM0x0:CA0x1:Port0
615	CM0x1:CA0x1:Port2
616	CM0x1:CA0x0:Port1
617	CM0x0:CA0x1:Port1
618	CM0x1:CA0x0:Port0
619	CM0x1:CA0x0:Port3
620	CM0x0:CA0x0:Port2
621	CM0x1:CA0x1:Port3
622	CM0x0:CA0x0:Port3
623	CM0x1:CA0x0:Port2
624	CM0x1:CA0x1:Port0
625	CM0x1:CA0x1:Port1
626	CM0x0:CA0x0:Port0
627	CM0x0:CA0x1:Port2
628	CM0x0:CA0x1:Port3
629	CM0x0:CPU1
630	CM0x0:CPU1(ROE)
631	CM0x1:CPU0
632	CM0x1:CPU0(ROE)
633	CM0x1:CPU1
634	CM0x1:CPU1(ROE)
635	CM0x0:CPU0
636	CM0x0:CPU0(ROE)
637	RAIDGroup0x001B
638	RAIDGroup0x0001
639	RAIDGroup0x0022
640	RAIDGroup0x001A
641	RAIDGroup0x003F
642	RAIDGroup0x0029
643	RAIDGroup0x001E
644	RAIDGroup0x000F
645	RAIDGroup0x002B
646	RAIDGroup0x003A
647	RAIDGroup0x0035
648	RAIDGroup0x003D
649	RAIDGroup0x0030
650	RAIDGroup0x002C
651	RAIDGroup0x0004
652	RAIDGroup0x0016
653	RAIDGroup0x0011
654	RAIDGroup0x002A
655	RAIDGroup0x0005
656	RAIDGroup0x0043
657	RAIDGroup0x003E
658	RAIDGroup0x0040
659	RAIDGroup0x003C
660	RAIDGroup0x0036
661	RAIDGroup0x0041
662	RAIDGroup0x0009
663	RAIDGroup0x0010
664	RAIDGroup0x0042
665	RAIDGroup0x0013
666	RAIDGroup0x0039
667	RAIDGroup0x0025
668	RAIDGroup0x000E
669	RAIDGroup0x0019
670	RAIDGroup0x0026
671	RAIDGroup0x0024
672	RAIDGroup0x000C
673	RAIDGroup0x000A
674	RAIDGroup0x0008
675	RAIDGroup0x0038
676	RAIDGroup0x002D
677	RAIDGroup0x0002
678	RAIDGroup0x0023
679	RAIDGroup0x001F
680	RAIDGroup0x001D
681	RAIDGroup0x002E
682	RAIDGroup0x0027
683	RAIDGroup0x0034
684	RAIDGroup0x0031
685	RAIDGroup0x0037
686	RAIDGroup0x000B
687	RAIDGroup0x0020
688	RAIDGroup0x0028
689	RAIDGroup0x0017
690	RAIDGroup0x0018
691	RAIDGroup0x0003
692	RAIDGroup0x0033
693	RAIDGroup0x001C
694	RAIDGroup0x0012
695	RAIDGroup0x0014
696	RAIDGroup0x0015
697	RAIDGroup0x000D
698	RAIDGroup0x0000
699	RAIDGroup0x002F
700	RAIDGroup0x0021
701	RAIDGroup0x0006
702	RAIDGroup0x003B
703	RAIDGroup0x0007
704	RAIDGroup0x0032
\.


--
-- Data for Name: props; Type: TABLE DATA; Schema: public; Owner: postgres
--

COPY props (id, name) FROM stdin;
1	busy time
2	Read IOPS
3	Write IOPS
4	Read Throughput
5	Write Throughput
6	Read Response Time
7	Write Response Time
8	Read Cache Hit Rate
9	Write Cache Hit Rate
10	Prefetch Cache Hit Rate
11	CPU Use Rate
12	Copy Remain
\.


--
-- Data for Name: dev_prop; Type: TABLE DATA; Schema: public; Owner: postgres
--

COPY dev_prop (id_dev, id_prop) FROM stdin;
1	1
2	1
3	1
4	1
5	1
6	1
7	1
8	1
9	1
10	1
11	1
12	1
13	1
14	1
15	1
16	1
17	1
18	1
19	1
20	1
21	1
22	1
23	1
24	1
25	1
26	1
27	1
28	1
29	1
30	1
31	1
32	1
33	1
34	1
35	1
36	1
37	1
38	1
39	1
40	1
41	1
42	1
43	1
44	1
45	1
46	1
47	1
48	1
49	1
50	1
51	1
52	1
53	1
54	1
55	1
56	1
57	1
58	1
59	1
60	1
61	1
62	1
63	1
64	1
65	1
66	1
67	1
68	1
69	1
70	1
71	1
72	1
73	1
74	1
75	1
76	1
77	1
78	1
79	1
80	1
81	1
82	1
83	1
84	1
85	1
86	1
87	1
88	1
89	1
90	1
91	1
92	1
93	1
94	1
95	1
96	1
97	1
98	1
99	1
100	1
101	1
102	1
103	1
104	1
105	1
106	1
107	1
108	1
109	1
110	1
111	1
112	1
113	1
114	1
115	1
116	1
117	1
118	1
119	1
120	1
121	1
122	1
123	1
124	1
125	1
126	1
127	1
128	1
129	1
130	1
131	1
132	1
133	1
134	1
135	1
136	1
137	1
138	1
139	1
140	1
141	1
142	1
143	1
144	1
145	1
146	1
147	1
148	1
149	1
150	1
151	1
152	1
153	1
154	1
155	1
156	1
157	1
158	1
159	1
160	1
161	1
162	1
163	1
164	1
165	1
166	1
167	1
168	1
169	1
170	1
171	1
172	1
173	1
174	1
175	1
176	1
177	1
178	1
179	1
180	1
181	1
182	1
183	1
184	1
185	1
186	1
187	1
188	1
189	1
190	1
191	1
192	1
193	1
194	1
195	1
196	1
197	1
198	1
199	1
200	1
201	1
202	1
203	1
204	1
205	1
206	1
207	1
208	1
209	1
210	1
211	1
212	1
213	1
214	1
215	1
216	1
217	1
218	1
219	1
220	1
221	1
222	1
223	1
224	1
225	1
226	1
227	1
228	1
229	1
230	1
231	1
232	1
233	1
234	1
235	1
236	1
237	1
238	1
239	1
240	1
241	1
242	1
243	1
244	1
245	1
246	1
247	1
248	1
249	1
250	1
251	1
252	1
253	1
254	1
255	1
256	1
257	1
258	1
259	1
260	1
261	1
262	1
263	1
264	1
265	1
266	1
267	1
268	1
269	1
270	1
271	1
272	1
273	1
274	1
275	1
276	1
277	1
278	1
279	1
280	1
281	1
282	1
283	1
284	1
285	1
286	1
287	1
288	1
289	1
290	1
291	1
292	1
293	1
294	1
295	1
296	1
297	1
298	1
299	1
300	1
301	1
302	1
303	1
304	1
305	1
306	1
307	1
308	1
309	1
310	1
311	1
312	1
313	1
314	1
315	1
316	1
317	1
318	1
319	1
320	1
321	1
322	1
323	1
324	1
325	1
326	1
327	1
328	1
329	1
330	1
331	1
332	1
333	1
334	1
335	1
336	1
337	1
338	1
339	1
340	1
341	1
342	1
343	1
344	1
345	1
346	1
347	1
348	1
349	1
350	1
351	1
352	1
353	1
354	1
355	1
356	1
357	1
358	1
359	1
360	1
361	1
362	1
363	1
364	1
365	1
366	1
367	1
368	1
369	1
370	1
371	1
372	1
373	1
374	1
375	1
376	1
377	1
378	1
379	1
380	1
381	1
382	1
383	1
384	1
385	1
386	1
387	1
388	1
389	1
390	1
391	1
392	1
393	1
394	1
395	1
396	1
397	1
398	1
399	1
400	1
401	1
402	1
403	1
404	1
405	1
406	1
407	1
408	1
409	1
410	1
411	1
412	1
413	1
414	1
415	1
416	1
417	1
418	1
419	1
420	1
421	1
422	1
423	1
424	1
425	1
426	1
427	1
428	1
429	1
430	1
431	1
432	1
433	1
434	1
435	1
436	1
437	1
438	1
439	1
440	1
441	1
442	1
443	1
444	1
445	1
446	1
447	1
448	1
449	1
450	1
451	1
452	1
453	1
454	1
455	1
456	1
457	1
458	1
459	1
460	1
461	1
462	1
463	1
464	1
465	1
466	1
467	1
468	1
469	1
470	1
471	1
472	1
473	1
474	1
475	1
476	1
477	1
478	1
479	1
480	1
481	1
482	1
483	1
484	1
485	1
486	1
487	1
488	1
489	1
490	1
491	1
492	1
493	1
494	1
495	1
496	1
497	1
498	1
499	1
500	1
501	1
502	1
503	1
504	1
505	1
506	1
507	1
508	1
509	1
510	1
511	1
512	1
513	1
514	1
515	1
516	1
517	1
518	1
519	1
520	1
521	1
522	1
523	1
524	1
525	1
526	1
527	1
528	1
529	1
530	1
531	1
532	1
533	1
534	1
535	1
536	1
537	1
538	1
539	1
540	1
541	1
542	1
543	1
544	1
545	2
545	3
545	4
545	5
545	6
545	7
545	8
545	9
545	10
546	2
546	3
546	4
546	5
546	6
546	7
546	8
546	9
546	10
547	2
547	3
547	4
547	5
547	6
547	7
547	8
547	9
547	10
548	2
548	3
548	4
548	5
548	6
548	7
548	8
548	9
548	10
549	2
549	3
549	4
549	5
549	6
549	7
549	8
549	9
549	10
550	2
550	3
550	4
550	5
550	6
550	7
550	8
550	9
550	10
551	2
551	3
551	4
551	5
551	6
551	7
551	8
551	9
551	10
552	2
552	3
552	4
552	5
552	6
552	7
552	8
552	9
552	10
553	2
553	3
553	4
553	5
553	6
553	7
553	8
553	9
553	10
554	2
554	3
554	4
554	5
554	6
554	7
554	8
554	9
554	10
555	2
555	3
555	4
555	5
555	6
555	7
555	8
555	9
555	10
556	2
556	3
556	4
556	5
556	6
556	7
556	8
556	9
556	10
557	2
557	3
557	4
557	5
557	6
557	7
557	8
557	9
557	10
558	2
558	3
558	4
558	5
558	6
558	7
558	8
558	9
558	10
559	2
559	3
559	4
559	5
559	6
559	7
559	8
559	9
559	10
560	2
560	3
560	4
560	5
560	6
560	7
560	8
560	9
560	10
561	2
561	3
561	4
561	5
561	6
561	7
561	8
561	9
561	10
562	2
562	3
562	4
562	5
562	6
562	7
562	8
562	9
562	10
563	2
563	3
563	4
563	5
563	6
563	7
563	8
563	9
563	10
564	2
564	3
564	4
564	5
564	6
564	7
564	8
564	9
564	10
565	2
565	3
565	4
565	5
565	6
565	7
565	8
565	9
565	10
566	2
566	3
566	4
566	5
566	6
566	7
566	8
566	9
566	10
567	2
567	3
567	4
567	5
567	6
567	7
567	8
567	9
567	10
568	2
568	3
568	4
568	5
568	6
568	7
568	8
568	9
568	10
569	2
569	3
569	4
569	5
569	6
569	7
569	8
569	9
569	10
570	2
570	3
570	4
570	5
570	6
570	7
570	8
570	9
570	10
571	2
571	3
571	4
571	5
571	6
571	7
571	8
571	9
571	10
572	2
572	3
572	4
572	5
572	6
572	7
572	8
572	9
572	10
573	2
573	3
573	4
573	5
573	6
573	7
573	8
573	9
573	10
574	2
574	3
574	4
574	5
574	6
574	7
574	8
574	9
574	10
575	2
575	3
575	4
575	5
575	6
575	7
575	8
575	9
575	10
576	2
576	3
576	4
576	5
576	6
576	7
576	8
576	9
576	10
577	2
577	3
577	4
577	5
577	6
577	7
577	8
577	9
577	10
578	2
578	3
578	4
578	5
578	6
578	7
578	8
578	9
578	10
579	2
579	3
579	4
579	5
579	6
579	7
579	8
579	9
579	10
580	2
580	3
580	4
580	5
580	6
580	7
580	8
580	9
580	10
581	2
581	3
581	4
581	5
581	6
581	7
581	8
581	9
581	10
582	2
582	3
582	4
582	5
582	6
582	7
582	8
582	9
582	10
583	2
583	3
583	4
583	5
583	6
583	7
583	8
583	9
583	10
584	2
584	3
584	4
584	5
584	6
584	7
584	8
584	9
584	10
585	2
585	3
585	4
585	5
585	6
585	7
585	8
585	9
585	10
586	2
586	3
586	4
586	5
586	6
586	7
586	8
586	9
586	10
587	2
587	3
587	4
587	5
587	6
587	7
587	8
587	9
587	10
588	2
588	3
588	4
588	5
588	6
588	7
588	8
588	9
588	10
589	2
589	3
589	4
589	5
589	6
589	7
589	8
589	9
589	10
590	2
590	3
590	4
590	5
590	6
590	7
590	8
590	9
590	10
591	2
591	3
591	4
591	5
591	6
591	7
591	8
591	9
591	10
592	2
592	3
592	4
592	5
592	6
592	7
592	8
592	9
592	10
593	2
593	3
593	4
593	5
593	6
593	7
593	8
593	9
593	10
594	2
594	3
594	4
594	5
594	6
594	7
594	8
594	9
594	10
595	2
595	3
595	4
595	5
595	6
595	7
595	8
595	9
595	10
596	2
596	3
596	4
596	5
596	6
596	7
596	8
596	9
596	10
597	2
597	3
597	4
597	5
597	6
597	7
597	8
597	9
597	10
598	2
598	3
598	4
598	5
598	6
598	7
598	8
598	9
598	10
599	2
599	3
599	4
599	5
599	6
599	7
599	8
599	9
599	10
600	2
600	3
600	4
600	5
600	6
600	7
600	8
600	9
600	10
601	2
601	3
601	4
601	5
601	6
601	7
601	8
601	9
601	10
602	2
602	3
602	4
602	5
602	6
602	7
602	8
602	9
602	10
603	2
603	3
603	4
603	5
603	6
603	7
603	8
603	9
603	10
604	2
604	3
604	4
604	5
604	6
604	7
604	8
604	9
604	10
605	2
605	3
605	4
605	5
605	6
605	7
605	8
605	9
605	10
606	2
606	3
606	4
606	5
606	6
606	7
606	8
606	9
606	10
607	2
607	3
607	4
607	5
607	6
607	7
607	8
607	9
607	10
608	2
608	3
608	4
608	5
608	6
608	7
608	8
608	9
608	10
609	2
609	3
609	4
609	5
609	6
609	7
609	8
609	9
609	10
610	2
610	3
610	4
610	5
610	6
610	7
610	8
610	9
610	10
611	2
611	3
611	4
611	5
611	6
611	7
611	8
611	9
611	10
612	2
612	3
612	4
612	5
612	6
612	7
612	8
612	9
612	10
613	2
613	3
613	4
613	5
614	2
614	3
614	4
614	5
615	2
615	3
615	4
615	5
616	2
616	3
616	4
616	5
617	2
617	3
617	4
617	5
618	2
618	3
618	4
618	5
619	2
619	3
619	4
619	5
620	2
620	3
620	4
620	5
621	2
621	3
621	4
621	5
622	2
622	3
622	4
622	5
623	2
623	3
623	4
623	5
624	2
624	3
624	4
624	5
625	2
625	3
625	4
625	5
626	2
626	3
626	4
626	5
627	2
627	3
627	4
627	5
628	2
628	3
628	4
628	5
629	11
630	11
629	12
631	11
632	11
631	12
633	11
634	11
633	12
635	11
636	11
635	12
637	2
637	3
637	4
637	5
637	6
637	7
637	8
637	9
637	10
638	2
638	3
638	4
638	5
638	6
638	7
638	8
638	9
638	10
639	2
639	3
639	4
639	5
639	6
639	7
639	8
639	9
639	10
640	2
640	3
640	4
640	5
640	6
640	7
640	8
640	9
640	10
641	2
641	3
641	4
641	5
641	6
641	7
641	8
641	9
641	10
642	2
642	3
642	4
642	5
642	6
642	7
642	8
642	9
642	10
643	2
643	3
643	4
643	5
643	6
643	7
643	8
643	9
643	10
644	2
644	3
644	4
644	5
644	6
644	7
644	8
644	9
644	10
645	2
645	3
645	4
645	5
645	6
645	7
645	8
645	9
645	10
646	2
646	3
646	4
646	5
646	6
646	7
646	8
646	9
646	10
647	2
647	3
647	4
647	5
647	6
647	7
647	8
647	9
647	10
648	2
648	3
648	4
648	5
648	6
648	7
648	8
648	9
648	10
649	2
649	3
649	4
649	5
649	6
649	7
649	8
649	9
649	10
650	2
650	3
650	4
650	5
650	6
650	7
650	8
650	9
650	10
651	2
651	3
651	4
651	5
651	6
651	7
651	8
651	9
651	10
652	2
652	3
652	4
652	5
652	6
652	7
652	8
652	9
652	10
653	2
653	3
653	4
653	5
653	6
653	7
653	8
653	9
653	10
654	2
654	3
654	4
654	5
654	6
654	7
654	8
654	9
654	10
655	2
655	3
655	4
655	5
655	6
655	7
655	8
655	9
655	10
656	2
656	3
656	4
656	5
656	6
656	7
656	8
656	9
656	10
657	2
657	3
657	4
657	5
657	6
657	7
657	8
657	9
657	10
658	2
658	3
658	4
658	5
658	6
658	7
658	8
658	9
658	10
659	2
659	3
659	4
659	5
659	6
659	7
659	8
659	9
659	10
660	2
660	3
660	4
660	5
660	6
660	7
660	8
660	9
660	10
661	2
661	3
661	4
661	5
661	6
661	7
661	8
661	9
661	10
662	2
662	3
662	4
662	5
662	6
662	7
662	8
662	9
662	10
663	2
663	3
663	4
663	5
663	6
663	7
663	8
663	9
663	10
664	2
664	3
664	4
664	5
664	6
664	7
664	8
664	9
664	10
665	2
665	3
665	4
665	5
665	6
665	7
665	8
665	9
665	10
666	2
666	3
666	4
666	5
666	6
666	7
666	8
666	9
666	10
667	2
667	3
667	4
667	5
667	6
667	7
667	8
667	9
667	10
668	2
668	3
668	4
668	5
668	6
668	7
668	8
668	9
668	10
669	2
669	3
669	4
669	5
669	6
669	7
669	8
669	9
669	10
670	2
670	3
670	4
670	5
670	6
670	7
670	8
670	9
670	10
671	2
671	3
671	4
671	5
671	6
671	7
671	8
671	9
671	10
672	2
672	3
672	4
672	5
672	6
672	7
672	8
672	9
672	10
673	2
673	3
673	4
673	5
673	6
673	7
673	8
673	9
673	10
674	2
674	3
674	4
674	5
674	6
674	7
674	8
674	9
674	10
675	2
675	3
675	4
675	5
675	6
675	7
675	8
675	9
675	10
676	2
676	3
676	4
676	5
676	6
676	7
676	8
676	9
676	10
677	2
677	3
677	4
677	5
677	6
677	7
677	8
677	9
677	10
678	2
678	3
678	4
678	5
678	6
678	7
678	8
678	9
678	10
679	2
679	3
679	4
679	5
679	6
679	7
679	8
679	9
679	10
680	2
680	3
680	4
680	5
680	6
680	7
680	8
680	9
680	10
681	2
681	3
681	4
681	5
681	6
681	7
681	8
681	9
681	10
682	2
682	3
682	4
682	5
682	6
682	7
682	8
682	9
682	10
683	2
683	3
683	4
683	5
683	6
683	7
683	8
683	9
683	10
684	2
684	3
684	4
684	5
684	6
684	7
684	8
684	9
684	10
685	2
685	3
685	4
685	5
685	6
685	7
685	8
685	9
685	10
686	2
686	3
686	4
686	5
686	6
686	7
686	8
686	9
686	10
687	2
687	3
687	4
687	5
687	6
687	7
687	8
687	9
687	10
688	2
688	3
688	4
688	5
688	6
688	7
688	8
688	9
688	10
689	2
689	3
689	4
689	5
689	6
689	7
689	8
689	9
689	10
690	2
690	3
690	4
690	5
690	6
690	7
690	8
690	9
690	10
691	2
691	3
691	4
691	5
691	6
691	7
691	8
691	9
691	10
692	2
692	3
692	4
692	5
692	6
692	7
692	8
692	9
692	10
693	2
693	3
693	4
693	5
693	6
693	7
693	8
693	9
693	10
694	2
694	3
694	4
694	5
694	6
694	7
694	8
694	9
694	10
695	2
695	3
695	4
695	5
695	6
695	7
695	8
695	9
695	10
696	2
696	3
696	4
696	5
696	6
696	7
696	8
696	9
696	10
697	2
697	3
697	4
697	5
697	6
697	7
697	8
697	9
697	10
698	2
698	3
698	4
698	5
698	6
698	7
698	8
698	9
698	10
699	2
699	3
699	4
699	5
699	6
699	7
699	8
699	9
699	10
700	2
700	3
700	4
700	5
700	6
700	7
700	8
700	9
700	10
701	2
701	3
701	4
701	5
701	6
701	7
701	8
701	9
701	10
702	2
702	3
702	4
702	5
702	6
702	7
702	8
702	9
702	10
703	2
703	3
703	4
703	5
703	6
703	7
703	8
703	9
703	10
704	2
704	3
704	4
704	5
704	6
704	7
704	8
704	9
704	10
\.


--
-- PostgreSQL database dump complete
--

